Telematics Unit ID,Serial Number,Custom Name,VIN,License Plate,Position,Latitude,Longitude
FFFF948DEBD05602,100201000421.0,T5-24,5PVNE8JT3L5S57854,06AFSP,40.764492 -73.201912,40.764492,-73.201912
FEB6035E2DB12505,102030000091.0,RT33-16,JALE5W168N7304526,TEMP 33-16,27.994421 -82.354805,27.994421,-82.354805
EC8F460FBAC17602,100201000439.0,T23-16,JALE5W162N7301315,BK48AM,34.090591 -117.953773,34.090591,-117.953773
E6A4073D4EE7EE02,100201000431.0,T10-16,JALE5W166N7300524,BK29AM,40.73077 -73.950691,40.73077,-73.950691
E36636F99C010602,100201000441.0,T9-24,5PVNE8JT0L5S57858,04AFSP,31.511646 -97.174965,31.511646,-97.174965
DD7184CC9315B805,102030000195.0,T13-24,54DK6S162LSG70257,BK33AM,40.819412 -73.508514,40.819412,-73.508514
DA8A591817C19D02,100201000476.0,T20-16,JALE5W160N7301412,BK46AM,34.090767 -117.953468,34.090767,-117.953468
D9697425C0FF0205,102030000215.0,RT35-16,JALE5W161N7304559,BK56AM,27.996525 -82.520767,27.996525,-82.520767
CA2B058984A55602,100201000373.0,T8-8,JALC4W16XN7014105,BK40AM,40.764389 -73.201866,40.764389,-73.201866
C8A27013DAADF502,100201000432.0,T9-16,JALE5W16XN7300445,BK28AM,40.764442 -73.201691,40.764442,-73.201691
C64E016A0E670B02,100201000430.0,T17-24,54DK6S165LSG70060,TEMP 17-24,34.090714 -117.953857,34.090714,-117.953857
C144FCDC328C5802,100201000375.0,T16-16,JALE5W169N7301294,BK43AM,26.48612 -81.823997,26.48612,-81.823997
C11B00DF26AC8902,100201000376.0,T2-24,5PVNE8JT6L5S57850,IN56CW,35.165928 -80.945335,35.165928,-80.945335
BFFBD6BE21337305,102030000094.0,T18-24,5PVNE7AT8N5T50009,BK62AM,34.090561 -117.953568,34.090561,-117.953568
BF1A33F882B50405,102030000093.0,T20-24,5PVNE7AT6N5T50011,BK63AM,34.090656 -117.953613,34.090656,-117.953613
BEAAD81D4BF5FD02,100201000429.0,T1-8,JHHTDM1H4LK001445,BK23AM,40.764412 -73.201714,40.764412,-73.201714
BB803A645C2CFE05,102030000219.0,T26-16,JALE5W167N7304601,BK52AM,34.090744 -117.953682,34.090744,-117.953682
BB6472C384D50602,100201000424.0,T5-8,JHHTDM1H0LK001488,97AASP,27.885042 -82.728874,27.885042,-82.728874
BB5275D9A0699A02,100201000414.0,T22-16,JALE5W161N7300513,BK47AM,40.730774 -73.950691,40.730774,-73.950691
BAA871E7E0631D02,100201000333.0,T6-24,5PVNE8JT5L5S57855,11AFSP,35.398067 -80.697479,35.398067,-80.697479
B718BE3F38FA9F02,100201000079.0,T7-16,JHHRDM2H7LK010617,08AFSP,40.764412 -73.201805,40.764412,-73.201805
9B04366FACFB1202,100201000453.0,T16-24,54DK6S169LSG70059,TEMP 16-24,34.222832 -118.379509,34.222832,-118.379509
961829AEC16E0405,102030000224.0,T27-16,JALE5W167N7304534,BK53AM,40.764492 -73.20211,40.764492,-73.20211
93D899EE067F7302,100201000377.0,T14-24,54DK6S16XLSG70040,BK30AM,34.222927 -118.379509,34.222927,-118.379509
8E845FF6F2647202,100201000378.0,T11-16,JALE5W160N7300468,BK26AM,35.166264 -80.945534,35.166264,-80.945534
8C0AD76AF51DA102,100201000416.0,T9-8,JALC4W163N7014169,BK39AM,35.398155 -80.69738,35.398155,-80.69738
8AE3044419CFFC05,102030000221.0,RT34-16,JALE5W16XN7304494,BK60AM,27.994345 -82.354805,27.994345,-82.354805
84EAF17C005D0305,102030000211.0,T26-24,5PVNE7AT7N5T50017,TEMP 26-24,42.204548 -71.167603,42.204548,-71.167603
80C0BD61F6294D02,100201000436.0,T12-16,JALE5W164N7300408,BK25AM,35.165878 -80.945526,35.165878,-80.945526
7FE4D5090A8C7402,100201000423.0,T4-16,JHHRDM2H2LK010623,71AJMA,40.819618 -73.508766,40.819618,-73.508766
7B444927F0E11C02,100201000437.0,T14-16,JALE5W164K7300887,BK21AM,40.76442 -73.201912,40.76442,-73.201912
7AEACA0E002C1F02,100201000488.0,T18-16,JALE5W168N7300461,BK50AM,35.606922 -80.91465,35.606922,-80.91465
76B86E1872F0C402,100201000425.0,T8-24,5PVNE8JT9L5S57857,10AFSP,35.166058 -80.945396,35.166058,-80.945396
6F1EA393E1F44502,100201000410.0,T21-16,JALE5W160N7301460,BK01AN,34.090786 -117.953773,34.090786,-117.953773
6DA6E6DD71353602,100201000438.0,T19-16,JALE5W167N7300614,BK49AM,32.627483 -116.605484,32.627483,-116.605484
6C6E5D42D5C21502,100201000371.0,T15-16,JALE5W164N7301462,BK32AM,40.730873 -73.950768,40.730873,-73.950768
6C3793E759620205,102030000217.0,RT31-16,JALE5W168N7304512,BK58AM,27.996477 -82.520721,27.996477,-82.520721
69419C8C6877E402,100201000426.0,T1-24,5PVNE8JT8L5S57851,BK24AM,40.764542 -73.202103,40.764542,-73.202103
68B65A54D95D4E05,102030000216.0,T29-16,T29-16 JALE5W164N7304295,BK54AM,35.398178 -80.69738,35.398178,-80.69738
62C644301FCD0B02,100201000370.0,T13-16,JALE5W169N7300565,BK27AM,35.398155 -80.697548,35.398155,-80.697548
6157F92D8F9FD802,100201000417.0,T17-16,JALE5W168N7301416,BK42AM,40.819572 -73.50872,40.819572,-73.50872
59EFA58BDAB6E702,100201000335.0,T4-24,5PVNE8JT1L5S57853,05AFSP,35.165878 -80.945549,35.165878,-80.945549
550F48435F814602,100201000420.0,T8-16,JHHRDM2H8LK010531,07AFSP,35.166256 -80.945549,35.166256,-80.945549
54569D059269EA02,100201000440.0,T24-16,JALE5W167N7301360,BK51AM,40.819557 -73.508644,40.819557,-73.508644
50B657A26E60B605,102030000214.0,T22-24,5PVNE7ATXN5T50013,BK61AM,40.76453 -73.202232,40.76453,-73.202232
4FDD59CC2A0D9105,102030000210.0,T27-24,5PVNE7AT9N5T50018,BK65AM,34.090504 -117.953682,34.090504,-117.953682
4DA52F3131821205,102030000222.0,T12-8,JALC4W166N7013985,BK37AM,34.090584 -117.953613,34.090584,-117.953613
48CD280FCBB52402,100201000422.0,T5-16,JHHRDM2H4LK010624,04BGDX,40.730774 -73.950562,40.730774,-73.950562
48C94F27A78A5605,102030000218.0,T11-8,JALC4W162N7013935,BK36AM,34.090549 -117.953728,34.090549,-117.953728
42FAE4DD4446F702,100201000331.0,T6-16,JHHRDM2H6LK010611,09AFSP,27.993937 -82.354866,27.993937,-82.354866
3581B415F51EFB05,102030000203.0,T24-24,5PVNE7AT3N5T50015,TEMP 24-24,40.764442 -73.201904,40.764442,-73.201904
32621D9F5BC42802,100201000452.0,T2-8,JHHTDM1H5LK001440,BK22AM,27.884895 -82.728027,27.884895,-82.728027
2E15E5F8F0291005,102030000202.0,T23-24,5PVNE7AT1N5T50014,TEMP 23-24,40.764492 -73.201744,40.764492,-73.201744
2A5B8B34F22AD105,102030000092.0,T32-16,JALE5W166N7304573,BK59AM,41.548607 -87.541374,41.548607,-87.541374
29409D48ED8C0302,100201000372.0,T7-8,JALC4W168N7014104,BK41AM,40.819401 -73.508438,40.819401,-73.508438
211E729D7CA56602,100201000339.0,T6-8,JHHTDM1H2LK001489,98AASP,35.17207 -80.960136,35.17207,-80.960136
1F6020EAFC165005,102030000205.0,T21-24,5PVNE7AT8N5T50012,TEMP 21-24,35.165852 -80.945351,35.165852,-80.945351
112063395998F705,102030000098.0,T28-16,JALE5W160N7304360,BK57AM,40.764492 -73.201393,40.764492,-73.201393
10157BC7071EBC05,102030000223.0,T10-8,JALC4W161N7014106,BK38AM,34.090549 -117.953728,34.090549,-117.953728
0D9E1A0D8A9E4B05,102030000220.0,T25-16,JALE5W162N7304496,BK55AM,35.398155 -80.69738,35.398155,-80.69738
0A8A2A1D0E6F1E02,100201000415.0,T15-24,54DK6S16XLSG70041,BK31AM,35.165852 -80.945396,35.165852,-80.945396
0A2D1C6F8A0E7F02,100201000419.0,T7-24,5PVNE8JT7L5S57856,12AFSP,35.398155 -80.69738,35.398155,-80.69738
